"Metric","Value"
"Shapiro p-value",0.995091184838299
"Paired t-test p-value",0.0452121717324404
"Wilcoxon p-value",0.18144920772142
"Cohen's d",2.62230828483245
