"Test","Statistic","P_value"
"Paired t-test",4.5419711824386,0.0452121717324404
"Wilcoxon signed-rank",6,0.18144920772142
